﻿<Ui xmlns:xsi="http://www.w3.org/2001/XMLSchema-instance" xmlns:xsd="http://www.w3.org/2001/XMLSchema" xsi:schemaLocation="http://www.blizzard.com/wow/ui/  ..\FrameXML\UI.xsd" xmlns="http://www.blizzard.com/wow/ui/">
	<Script file="JocysCom-TextToSpeech-WoW-Addon.lua" />
	<Frame name="JocysCom_OptionsFrame" inherits="BasicFrameTemplate" parent="UIParent" movable="true" enableMouse="true">
		<Size x="600" y="496" />
		<Anchors>
			<Anchor point="TOPLEFT">
				<Offset x="3" y="-3" />
			</Anchor>
		</Anchors>
		<Backdrop tile="true">
			<BackgroundInsets>
				<AbsInset left="11" right="12" top="12" bottom="11" />
			</BackgroundInsets>
			<TileSize>
				<AbsValue val="32" />
			</TileSize>
			<EdgeSize>
				<AbsValue val="32" />
			</EdgeSize>
		</Backdrop>
		<Layers>
			<Layer level="OVERLAY">
				<FontString name="MessageFontString" inherits="GameFontHighlightSmall" text="">
					<Size x="550" y="20" />
					<Anchors>
						<Anchor point="TOP">
							<Offset y="-131" />
						</Anchor>
					</Anchors>
					<Color r="0.5" g="0.5" b="0.5" />
				</FontString>
				<FontString name="ReplaceNameFontString" inherits="GameFontHighlightSmall" text="" justifyH="LEFT">
					<Size x="467" y="20" />
					<Anchors>
						<Anchor point="TOPLEFT">
							<Offset x="117" y="-109" />
						</Anchor>
					</Anchors>
					<Color r="0.5" g="0.5" b="0.5" />
				</FontString>
			</Layer>
		</Layers>
		<Frames>
			<CheckButton name="AutoCheckButton" inherits="UICheckButtonTemplate" text="">
				<Size x="24" y="24" />
				<Anchors>
					<Anchor point="TOPLEFT">
						<Offset x="7" y="-25" />
					</Anchor>
				</Anchors>
			</CheckButton>
			<CheckButton name="DndCheckButton" inherits="UICheckButtonTemplate" text="">
				<Size x="24" y="24" />
				<Anchors>
					<Anchor point="TOPLEFT">
						<Offset x="7" y="-45" />
					</Anchor>
				</Anchors>
				<Scripts>
					<OnClick>
						JocysCom_DndCheckButton_OnClick(self);
					</OnClick>
				</Scripts>
			</CheckButton>
			<CheckButton name="FilterCheckButton" inherits="UICheckButtonTemplate" text="">
				<Size x="24" y="24" />
				<Anchors>
					<Anchor point="TOPLEFT">
						<Offset x="7" y="-65" />
					</Anchor>
				</Anchors>
				<Scripts>
					<OnClick>
						JocysCom_FilterCheckButton_OnClick(self);
					</OnClick>
				</Scripts>
			</CheckButton>
			<CheckButton name="LockCheckButton" inherits="UICheckButtonTemplate" text="">
				<Size x="24" y="24" />
				<Anchors>
					<Anchor point="TOPLEFT">
						<Offset x="7" y="-85" />
					</Anchor>
				</Anchors>
				<Scripts>
					<OnClick>
						JocysCom_LockCheckButton_OnClick(self);
					</OnClick>
				</Scripts>
			</CheckButton>
			<Frame name="QuestFrame" inherits="InsetFrameTemplate" parent="JocysCom_OptionsFrame">
				<Size x="593" y="231" />
				<Anchors>
					<Anchor point="TOPLEFT">
						<Offset x="3" y="-148" />
					</Anchor>
					<Anchor point="TOPRIGHT">
						<Offset x="-4" y="-148" />
					</Anchor>
				</Anchors>
				<Backdrop tile="true">
					<BackgroundInsets>
						<AbsInset left="11" right="12" top="12" bottom="11" />
					</BackgroundInsets>
					<TileSize>
						<AbsValue val="32" />
					</TileSize>
					<EdgeSize>
						<AbsValue val="32" />
					</EdgeSize>
				</Backdrop>
				<Frames>
					<ScrollFrame name="JocysCom_QuestScrollFrame" inherits="UIPanelScrollFrameTemplate">
						<Size x="683" y="91" />
						<Anchors>
							<Anchor point="TOPLEFT">
								<Offset x="5" y="-4" />
							</Anchor>
							<Anchor point="BOTTOMRIGHT">
								<Offset x="-26" y="3" />
							</Anchor>
						</Anchors>
						<Backdrop tile="true">
							<BackgroundInsets>
								<AbsInset left="11" right="12" top="12" bottom="11" />
							</BackgroundInsets>
							<TileSize>
								<AbsValue val="32" />
							</TileSize>
							<EdgeSize>
								<AbsValue val="32" />
							</EdgeSize>
						</Backdrop>
						<Frames>
							<EditBox name="QuestEditBox" parent="JocysCom_QuestScrollFrame" letters="10000" multiLine="true">
								<Size>
									<AbsDimension x="560" y="81" />
								</Size>
								<Anchors>
									<Anchor point="TOPLEFT">
										<Offset x="3" y="-3" />
									</Anchor>
									<Anchor point="BOTTOMRIGHT">
										<Offset x="-3" />
									</Anchor>
								</Anchors>
								<FontString inherits="GameFontHighlightSmall" />
							</EditBox>
						</Frames>
						<Scripts>
							<OnLoad>
								JocysCom_QuestScrollFrame_OnLoad(self);
							</OnLoad>
						</Scripts>
					</ScrollFrame>
				</Frames>
				<Scripts>
					<OnLoad>
						JocysCom_QuestFrame_OnLoad(self);
					</OnLoad>
				</Scripts>
			</Frame>
			<Frame name="DescriptionFrame" inherits="InsetFrameTemplate" parent="JocysCom_OptionsFrame">
				<Size x="593" y="120" />
				<Anchors>
					<Anchor point="TOPLEFT">
						<Offset x="3" y="-380" />
					</Anchor>
					<Anchor point="BOTTOMRIGHT">
						<Offset x="-4" y="4" />
					</Anchor>
				</Anchors>
				<Backdrop tile="true">
					<BackgroundInsets>
						<AbsInset left="11" right="12" top="12" bottom="11" />
					</BackgroundInsets>
					<TileSize>
						<AbsValue val="32" />
					</TileSize>
					<EdgeSize>
						<AbsValue val="32" />
					</EdgeSize>
				</Backdrop>
				<Layers>
					<Layer level="OVERLAY">
						<FontString name="DescriptionFrameFontString" inherits="GameFontHighlightSmall" parentKey="text" text="" justifyV="TOP" justifyH="LEFT">
							<Size x="706" y="74" />
							<Anchors>
								<Anchor point="TOPLEFT">
									<Offset x="10" y="-10" />
								</Anchor>
								<Anchor point="BOTTOMRIGHT">
									<Offset x="-10" y="10" />
								</Anchor>
							</Anchors>
							<Color r="0.5" g="0.5" b="0.5" />
						</FontString>
					</Layer>
				</Layers>
			</Frame>
			<EditBox name="ReplaceNameEditBox" inherits="InputBoxTemplate">
				<Size x="100" y="20" />
				<Anchors>
					<Anchor point="TOPLEFT">
						<Offset x="15" y="-109" />
					</Anchor>
				</Anchors>
				<FontString inherits="GameFontHighlightSmall" />
			</EditBox>
		</Frames>
		<Scripts>
			<OnLoad>
				JocysCom_OptionsFrame_OnLoad(self);
			</OnLoad>
			<OnHide>
				JocysCom_OptionsFrame_OnHide();
			</OnHide>
		</Scripts>
	</Frame>
	<Frame name="JocysCom_MiniFrame" parent="UIParent">
		<Size x="256" y="32" />
		<Anchors>
			<Anchor point="TOPLEFT">
				<Offset x="225" y="-505" />
			</Anchor>
		</Anchors>
		<Backdrop bgFile="Interface\AddOns\JocysCom-TextToSpeech-WoW\Images\JocysCom-MiniFrame-Background" edgeFile="" />
		<Frames>
      <Button name="OptionsButton" inherits="UIPanelButtonTemplate" parent="JocysCom_MiniFrame" text="TTS...">
        <Size x="57" y="21" />
        <Anchors>
          <Anchor point="TOPLEFT">
            <Offset x="17" y="-1" />
          </Anchor>
        </Anchors>
        <Scripts>
          <OnClick>
            JocysCom_OptionsButton_OnClick();
          </OnClick>
        </Scripts>
      </Button>
      			<CheckButton name="StopOnCloseCheckButton" inherits="UICheckButtonTemplate" parent="JocysCom_MiniFrame" text="">
				<Size x="22" y="23" />
				<Anchors>
					<Anchor point="TOPLEFT">
						<Offset x="74" y="-1" />
					</Anchor>
				</Anchors>
				<Scripts>
					<OnClick>
						JocysCom_StopOnCloseCheckButton_OnClick(self);
					</OnClick>
				</Scripts>
			</CheckButton>
			<Button name="StopButton" inherits="UIPanelButtonTemplate" parent="JocysCom_MiniFrame" text="■">
				<Size x="31" y="21" />
				<Anchors>
					<Anchor point="TOPLEFT">
						<Offset x="188" y="-1" />
					</Anchor>
				</Anchors>
				<Scripts>
					<OnClick>
						JocysCom_StopButton_OnClick(self);
					</OnClick>
				</Scripts>
				<ButtonText font="Fonts\ARIALN.TTF">
					<Anchors>
						<Anchor point="TOP">
							<Offset x="1" />
						</Anchor>
					</Anchors>
					<FontHeight val="18" />
				</ButtonText>
			</Button>
      <Button name="PlayButtonButton" inherits="UIPanelButtonTemplate" parent="JocysCom_MiniFrame" text="►">
        <Size x="31" y="21" />
        <Anchors>
          <Anchor point="TOPLEFT">
            <Offset x="218" y="-1" />
          </Anchor>
        </Anchors>
        <Scripts>
          <OnClick>
            JocysCom_PlayButtonButton_OnClick(self);
          </OnClick>
        </Scripts>
        <ButtonText font="Fonts\ARIALN.TTF">
          <Anchors>
            <Anchor point="TOP">
              <Offset x="2" y="-5" />
            </Anchor>
          </Anchors>
          <FontHeight val="12" />
        </ButtonText>
      </Button>
		</Frames>
		<Scripts>
			<OnHide>
				JocysCom_MiniFrame_OnHide();
			</OnHide>
			<OnShow>
				JocysCom_MiniFrame_OnShow();
			</OnShow>
		</Scripts>
	</Frame>
	<Frame name="JocysCom_ScrollFrame" parent="UIParent" movable="true" resizable="true" enableMouse="true">
		<Size x="216" y="216" />
		<Anchors>
			<Anchor point="TOPLEFT">
				<Offset x="3" y="-505" />
			</Anchor>
		</Anchors>
		<Backdrop bgFile="" tile="true">
			<BackgroundInsets>
				<AbsInset left="0" right="0" top="0" bottom="0" />
			</BackgroundInsets>
			<TileSize>
				<AbsValue val="32" />
			</TileSize>
			<EdgeSize>
				<AbsValue val="32" />
			</EdgeSize>
		</Backdrop>
		<Layers>
			<Layer>
				<Texture name="JocysCom_ScrollFrameTexture" parentKey="texture">
					<Size x="216" y="216" />
					<Anchors>
						<Anchor point="TOPLEFT">
							<Offset />
						</Anchor>
						<Anchor point="BOTTOMRIGHT">
							<Offset />
						</Anchor>
					</Anchors>
					<Color a="0.8" r="0" g="0" b="0" />
				</Texture>
			</Layer>
			<Layer level="OVERLAY">
				<FontString name="ScrollFontString" inherits="GameFontHighlightSmall" parentKey="text" text="">
					<Size x="205" y="202" />
					<Anchors>
						<Anchor point="TOPLEFT">
							<Offset x="8" y="-8" />
						</Anchor>
						<Anchor point="BOTTOMRIGHT">
							<Offset x="-8" y="8" />
						</Anchor>
					</Anchors>
					<Color r="0.5" g="0.5" b="0.5" />
				</FontString>
			</Layer>
		</Layers>
		<Frames>
			<Button name="ScrollResizeButton" inherits="ResizeButton" parentKey="resizeButton">
				<Size x="16" y="16" />
				<Anchors>
					<Anchor point="BOTTOMRIGHT" x="0" y="0" />
				</Anchors>
				<Scripts>
					<OnMouseDown>
						JocysCom_ScrollResizeButton_OnMouseDown(self);
					</OnMouseDown>
					<OnMouseUp>
						JocysCom_ScrollResizeButton_OnMouseUp(self);
					</OnMouseUp>
				</Scripts>
				<NormalTexture file="Interface\CHATFRAME\UI-ChatIM-SizeGrabber-Up" />
				<PushedTexture file="Interface\CHATFRAME\UI-ChatIM-SizeGrabber-Down" />
				<HighlightTexture file="Interface\CHATFRAME\UI-ChatIM-SizeGrabber-Highlight" />
			</Button>
		</Frames>
		<Scripts>
			<OnLoad>
				JocysCom_ScrollFrame_OnLoad(self);
			</OnLoad>
			<OnMouseDown>
				JocysCom_ScrollFrame_OnMouseDown(self);
			</OnMouseDown>
			<OnMouseUp>
				JocysCom_ScrollFrame_OnMouseUp(self);
			</OnMouseUp>
		</Scripts>
	</Frame>
  <!--ObjectiveTrackerFrame-->
  <Frame name="JocysCom_StopFrame" parent="MinimapCluster">    
    <Size x="240" y="40" />
		<Anchors>
      <Anchor point="BOTTOMRIGHT" relativePoint="BOTTOMLEFT" x="67" y="-12" />
		</Anchors>
		<Backdrop bgFile="" edgeFile="">
			<Color r="0" g="0" b="0" />
		</Backdrop>
		<Layers>
			<Layer>
				<Texture name="JocysCom_StopFrameTexture" parentKey="texture">
					<Size x="240" y="40" />
					<Color a="0.1" r="0" g="0" b="0" />
				</Texture>
			</Layer>
			<Layer>
				<FontString name="CheckButtonTooltipFontString" inherits="GameFontHighlightSmall" text="">
					<Anchors>
						<Anchor point="TOP">
							<Offset x="0" y="15" />
						</Anchor>
					</Anchors>
					<Color r="0.5" g="0.5" b="0.5" />
				</FontString>
			</Layer>
		</Layers>
		<Frames>
			<Button name="StopButton2" inherits="UIPanelButtonTemplate" parent="JocysCom_StopFrame" text="■">
				<Size x="31" y="21" />
				<Anchors>
					<Anchor point="TOPLEFT">
						<Offset x="4" y="-15" />
					</Anchor>
				</Anchors>
				<Scripts>
					<OnClick>
						JocysCom_StopButton_OnClick(self);
					</OnClick>
				</Scripts>
				<ButtonText font="Fonts\ARIALN.TTF">
					<Anchors>
						<Anchor point="TOP">
							<Offset x="1" />
						</Anchor>
					</Anchors>
					<FontHeight val="18" />
				</ButtonText>
			</Button>
			<CheckButton name="MonsterCheckButton" inherits="UICheckButtonTemplate" parent="JocysCom_StopFrame" text="">
				<Size x="21" y="22" />
				<Anchors>
					<Anchor point="TOPLEFT">
						<Offset x="37" y="-15" />
					</Anchor>
				</Anchors>
				<Scripts>
					<OnClick>
						JocysCom_MonsterCheckButton_OnClick(self);
					</OnClick>
					<OnEnter>
						JocysCom_MonsterCheckButton_OnEnter(self)
					</OnEnter>
					<OnLeave>
						JocysCom_CheckButtonTooltipFontString_OnLeave(self);
					</OnLeave>
				</Scripts>
			</CheckButton>
			<CheckButton name="WhisperCheckButton" inherits="UICheckButtonTemplate" parent="JocysCom_StopFrame" text="">
				<Size x="21" y="22" />
				<Anchors>
					<Anchor point="TOPLEFT">
						<Offset x="55" y="-15" />
					</Anchor>
				</Anchors>
				<Scripts>
					<OnClick>
						JocysCom_WhisperCheckButton_OnClick(self);
					</OnClick>
					<OnEnter>
						JocysCom_WhisperCheckButton_OnEnter(self)
					</OnEnter>
					<OnLeave>
						JocysCom_CheckButtonTooltipFontString_OnLeave(self);
					</OnLeave>
				</Scripts>
			</CheckButton>
     <CheckButton name="SayCheckButton" inherits="UICheckButtonTemplate" parent="JocysCom_StopFrame" text="">
				<Size x="21" y="22" />
				<Anchors>
					<Anchor point="TOPLEFT">
						<Offset x="73" y="-15" />
					</Anchor>
				</Anchors>
				<Scripts>
					<OnClick>
						JocysCom_SayCheckButton_OnClick(self);
					</OnClick>
					<OnEnter>
						JocysCom_SayCheckButton_OnEnter(self)
					</OnEnter>
					<OnLeave>
						JocysCom_CheckButtonTooltipFontString_OnLeave(self);
					</OnLeave>
				</Scripts>
			</CheckButton>
			<CheckButton name="PartyCheckButton" inherits="UICheckButtonTemplate" parent="JocysCom_StopFrame" text="">
				<Size x="21" y="22" />
				<Anchors>
					<Anchor point="TOPLEFT">
						<Offset x="91" y="-15" />
					</Anchor>
				</Anchors>
				<Scripts>
					<OnClick>
						JocysCom_PartyCheckButton_OnClick(self);
					</OnClick>
					<OnEnter>
						JocysCom_PartyCheckButton_OnEnter(self)
					</OnEnter>
					<OnLeave>
						JocysCom_CheckButtonTooltipFontString_OnLeave(self);
					</OnLeave>
				</Scripts>
			</CheckButton>
			<CheckButton name="GuildCheckButton" inherits="UICheckButtonTemplate" parent="JocysCom_StopFrame" text="">
				<Size x="21" y="22" />
				<Anchors>
					<Anchor point="TOPLEFT">
						<Offset x="109" y="-15" />
					</Anchor>
				</Anchors>
				<Scripts>
					<OnClick>
						JocysCom_GuildCheckButton_OnClick(self);
					</OnClick>
					<OnEnter>
						JocysCom_GuildCheckButton_OnEnter(self)
					</OnEnter>
					<OnLeave>
						JocysCom_CheckButtonTooltipFontString_OnLeave(self);
					</OnLeave>
				</Scripts>
			</CheckButton>
			<CheckButton name="BattlegroundCheckButton" inherits="UICheckButtonTemplate" parent="JocysCom_StopFrame" text="">
				<Size x="21" y="22" />
				<Anchors>
					<Anchor point="TOPLEFT">
						<Offset x="127" y="-15" />
					</Anchor>
				</Anchors>
				<Scripts>
					<OnClick>
						JocysCom_BattlegroundCheckButton_OnClick(self);
					</OnClick>
					<OnEnter>
						JocysCom_BattlegroundCheckButton_OnEnter(self)
					</OnEnter>
					<OnLeave>
						JocysCom_CheckButtonTooltipFontString_OnLeave(self);
					</OnLeave>
				</Scripts>
			</CheckButton>
			<CheckButton name="BattlegroundLeaderCheckButton" inherits="UICheckButtonTemplate" parent="JocysCom_StopFrame" text="">
				<Size x="21" y="22" />
				<Anchors>
					<Anchor point="TOPLEFT">
						<Offset x="145" y="-15" />
					</Anchor>
				</Anchors>
				<Scripts>
					<OnClick>
						JocysCom_BattlegroundLeaderCheckButton_OnClick(self);
					</OnClick>
					<OnEnter>
						JocysCom_BattlegroundLeaderCheckButton_OnEnter(self)
					</OnEnter>
					<OnLeave>
						JocysCom_CheckButtonTooltipFontString_OnLeave(self);
					</OnLeave>
				</Scripts>
			</CheckButton>
			<CheckButton name="RaidCheckButton" inherits="UICheckButtonTemplate" parent="JocysCom_StopFrame" text="">
				<Size x="21" y="22" />
				<Anchors>
					<Anchor point="TOPLEFT">
						<Offset x="163" y="-15" />
					</Anchor>
				</Anchors>
				<Scripts>
					<OnClick>
						JocysCom_RaidCheckButton_OnClick(self);
					</OnClick>
					<OnEnter>
						JocysCom_RaidCheckButton_OnEnter(self)
					</OnEnter>
					<OnLeave>
						JocysCom_CheckButtonTooltipFontString_OnLeave(self);
					</OnLeave>
				</Scripts>
			</CheckButton>
			<CheckButton name="RaidLeaderCheckButton" inherits="UICheckButtonTemplate" parent="JocysCom_StopFrame" text="">
				<Size x="21" y="22" />
				<Anchors>
					<Anchor point="TOPLEFT">
						<Offset x="181" y="-15" />
					</Anchor>
				</Anchors>
				<Scripts>
					<OnClick>
						 JocysCom_RaidLeaderCheckButton_OnClick(self);
					</OnClick>
					<OnEnter>
						JocysCom_RaidLeaderCheckButton_OnEnter(self)
					</OnEnter>
					<OnLeave>
						JocysCom_CheckButtonTooltipFontString_OnLeave(self);
					</OnLeave>
				</Scripts>
			</CheckButton>

      <CheckButton name="InstanceCheckButton" inherits="UICheckButtonTemplate" parent="JocysCom_StopFrame" text="">
        <Size x="21" y="22" />
        <Anchors>
          <Anchor point="TOPLEFT">
            <Offset x="199" y="-15" />
          </Anchor>
        </Anchors>
        <Scripts>
          <OnClick>
            JocysCom_InstanceCheckButton_OnClick(self);
          </OnClick>
          <OnEnter>
            JocysCom_InstanceCheckButton_OnEnter(self)
          </OnEnter>
          <OnLeave>
            JocysCom_CheckButtonTooltipFontString_OnLeave(self);
          </OnLeave>
        </Scripts>
      </CheckButton>
      <CheckButton name="InstanceLeaderCheckButton" inherits="UICheckButtonTemplate" parent="JocysCom_StopFrame" text="">
        <Size x="21" y="22" />
        <Anchors>
          <Anchor point="TOPLEFT">
            <Offset x="217" y="-15" />
          </Anchor>
        </Anchors>
        <Scripts>
          <OnClick>
            JocysCom_InstanceLeaderCheckButt0on_OnClick(self);
          </OnClick>
          <OnEnter>
            JocysCom_InstanceLeaderCheckButton_OnEnter(self)
          </OnEnter>
          <OnLeave>
            JocysCom_CheckButtonTooltipFontString_OnLeave(self);
          </OnLeave>
        </Scripts>
      </CheckButton>
    </Frames>
	</Frame>
</Ui>