<Ui xmlns:xsi="http://www.w3.org/2001/XMLSchema-instance" xmlns:xsd="http://www.w3.org/2001/XMLSchema" xsi:schemaLocation="http://www.blizzard.com/wow/ui/  ..\FrameXML\UI.xsd" xmlns="http://www.blizzard.com/wow/ui/">
	<Script file="JocysCom-WoW-TextToSpeech-Addon.lua" />
	<Frame name="OptionsFrame" inherits="BasicFrameTemplate" parentKey="" parent="UIParent" movable="true" frameStrata="HIGH" enableMouse="true">
		<Size x="716" y="496" />
		<Anchors>
			<Anchor point="TOPLEFT">
				<Offset x="3" y="-3" />
			</Anchor>
		</Anchors>
		<Backdrop bgFile="Interface\DialogFrame\UI-DialogBox-Background" edgeFile="Interface\DialogFrame\UI-DialogBox-Border" tile="true">
			<BackgroundInsets>
				<AbsInset left="11" right="12" top="12" bottom="11" />
			</BackgroundInsets>
			<TileSize>
				<AbsValue val="32" />
			</TileSize>
			<EdgeSize>
				<AbsValue val="32" />
			</EdgeSize>
		</Backdrop>
		<Frames>
			<CheckButton name="EnabledCheckBox" inherits="UICheckButtonTemplate" text="Enable addon">
				<Size x="32" y="32" />
				<Anchors>
					<Anchor point="TOPLEFT">
						<Offset x="55" y="-44" />
					</Anchor>
				</Anchors>
				<Scripts>
					<OnLoad>
						EnabledCheckButtonText:SetFontObject(GameFontHighlightSmall);
						EnabledCheckButtonText:SetText("Enable addon");
					</OnLoad>
					<OnClick>
						PlaySound("igMainMenuOptionCheckBoxOn");
					</OnClick>
				</Scripts>
			</CheckButton>
		</Frames>
		<Scripts>
			<OnDragStart>
				frame.StartMoving
			</OnDragStart>
			<OnDragStop>
				frame.StopMovingOrSizing
			</OnDragStop>
			<OnLoad>
				self:RegisterForDrag("LeftButton");
				self:RegisterEvent("ADDON_LOADED");
				self:RegisterEvent("QUEST_GREETING");
				self:RegisterEvent("GOSSIP_SHOW");
				self:RegisterEvent("QUEST_DETAIL");
				self:RegisterEvent("QUEST_PROGRESS");
				self:RegisterEvent("QUEST_COMPLETE");
				self:RegisterEvent("QUEST_ACCEPTED");
				self:RegisterEvent("QUEST_FINISHED");
				self:RegisterEvent("GOSSIP_CLOSED");
				self:RegisterEvent("PLAYER_LOGOUT");
			</OnLoad>
		</Scripts>
	</Frame>
</Ui>