﻿<EffectsPreset xmlns:xsi="http://www.w3.org/2001/XMLSchema-instance" xmlns:xsd="http://www.w3.org/2001/XMLSchema">
  <Name>Giant</Name>
  <GeneralEnabled>true</GeneralEnabled>
  <ChorusEnabled>false</ChorusEnabled>
  <CompressorEnabled>false</CompressorEnabled>
  <DistortionEnabled>false</DistortionEnabled>
  <EchoEnabled>true</EchoEnabled>
  <FlangerEnabled>false</FlangerEnabled>
  <GargleEnabled>false</GargleEnabled>
  <ParamEqEnabled>false</ParamEqEnabled>
  <ReverbEnabled>false</ReverbEnabled>
  <Reverb3DEnabled>false</Reverb3DEnabled>
  <General>
    <Pitch>0.78</Pitch>
  </General>
  <Chorus>
    <Delay>0</Delay>
    <Frequency>0</Frequency>
    <Feedback>0</Feedback>
    <Depth>0</Depth>
    <WetDryMix>0</WetDryMix>
    <Phase>0</Phase>
    <Waveform>0</Waveform>
  </Chorus>
  <Compressor>
    <Predelay>4</Predelay>
    <Ratio>3</Ratio>
    <Threshold>-20</Threshold>
    <Release>200</Release>
    <Attack>10</Attack>
    <Gain>0</Gain>
  </Compressor>
  <Distortion>
    <PreLowpassCutoff>8000</PreLowpassCutoff>
    <PostEqBandwidth>2400</PostEqBandwidth>
    <PostEqCenterFrequency>2400</PostEqCenterFrequency>
    <Edge>15</Edge>
    <Gain>-18</Gain>
  </Distortion>
  <Echo>
    <PanDelay>0</PanDelay>
    <Feedback>10</Feedback>
    <WetDryMix>1</WetDryMix>
    <RightDelay>100</RightDelay>
    <LeftDelay>100</LeftDelay>
  </Echo>
  <Flanger>
    <Delay>2</Delay>
    <Frequency>0</Frequency>
    <Feedback>-50</Feedback>
    <Depth>100</Depth>
    <WetDryMix>50</WetDryMix>
    <Phase>3</Phase>
    <Waveform>1</Waveform>
  </Flanger>
  <Gargle>
    <WaveShape>0</WaveShape>
    <RateHz>20</RateHz>
  </Gargle>
  <ParamEq>
    <Gain>0</Gain>
    <Bandwidth>12</Bandwidth>
    <Center>8000</Center>
  </ParamEq>
  <Reverb>
    <HighFrequencyRtRatio>0.001</HighFrequencyRtRatio>
    <ReverbTime>1000</ReverbTime>
    <ReverbMix>0</ReverbMix>
    <InGain>0</InGain>
  </Reverb>
  <Reverb3D>
    <HfReference>5000</HfReference>
    <Density>100</Density>
    <Diffusion>100</Diffusion>
    <ReverbDelay>0.01</ReverbDelay>
    <Reverb>200</Reverb>
    <Reflections>-2602</Reflections>
    <ReflectionsDelay>0.007</ReflectionsDelay>
    <DecayHfRatio>0.82</DecayHfRatio>
    <DecayTime>1.49</DecayTime>
    <RoomRolloffFactor>0</RoomRolloffFactor>
    <RoomHf>-100</RoomHf>
    <Room>-1000</Room>
  </Reverb3D>
</EffectsPreset>